Start Location,End Location,Registration,Start Geofence,End Geofence,Trip Distance
"Makuburi, Kinondoni, Dar es Salaam, Tanzania","Goba, Kinondoni, Dar es Salaam, Tanzania",T452EBA,X,Y,7.2
"Mwembesongo, Morogoro Urban, Morogoro, Tanzania","Lumumba, Sabasaba, Morogoro Urban, Morogoro, Tanzania",T863DQM,X,Y,3.0
"Msasani, Kinondoni, Dar es Salaam, Tanzania","Kawe, Kinondoni, Dar es Salaam, Tanzania",T980DMT,X,Y,0.0
"Mwembesongo, Morogoro Urban, Morogoro, Tanzania","Mji mpya, Morogoro Urban, Morogoro, Tanzania",T934DMX,X,Y,0.0
"Mwembesongo, Morogoro Urban, Morogoro, Tanzania","Mwembesongo, Morogoro Urban, Morogoro, Tanzania",T852DZQ,X,Y,2.6
"Shaabani Robert Street, Kivukoni, Ilala, Dar es Salaam, Tanzania","Mikocheni, Kinondoni, Dar es Salaam, Tanzania",DFP8546,X,Y,444.4
"Chole Road, Msasani, Kinondoni, Dar es Salaam, Tanzania","Chole Road, Msasani, Kinondoni, Dar es Salaam, Tanzania",T261DXJ,X,Y,9.8
"Ugweno Street, Tandika, Temeke, Dar es Salaam, Tanzania","Mikocheni, Kinondoni, Dar es Salaam, Tanzania",T240EBJ,X,Y,3.5
"Mikocheni, Kinondoni, Dar es Salaam, Tanzania","Ufukoni Road, Kivukoni, Ilala, Dar es Salaam, Tanzania",T248EBJ,X,Y,3.2
"Makangarawe, Temeke, Dar es Salaam, Tanzania","Charambe, Temeke, Dar es Salaam, Tanzania",T258DXJ,D&J,Shomi,9.9
"Mikocheni, Kinondoni, Dar es Salaam, Tanzania","Mikocheni, Kinondoni, Dar es Salaam, Tanzania",T452EBA,Sanku : Dodoma,Y,8.3
"Makuburi, Kinondoni, Dar es Salaam, Tanzania","Segerea, Ilala, Dar es Salaam, Tanzania",T258DXJ,X,Y,0.0
"Mwembesongo, Morogoro Urban, Morogoro, Tanzania","Mlali, Mvomero, Morogoro, Tanzania",T852DZQ,X,Y,0.0
"A7, Kingolwira, Morogoro Urban, Morogoro, Tanzania","Kingolwira, Morogoro Urban, Morogoro, Tanzania",T853DZQ,X,Y,1.8
"A7, Kingolwira, Morogoro Urban, Morogoro, Tanzania","A7, Kingolwira, Morogoro Urban, Morogoro, Tanzania",T852DZQ,X,Sanku : Morogoro,0.0
"Makuburi, Kinondoni, Dar es Salaam, Tanzania","Makuburi, Kinondoni, Dar es Salaam, Tanzania",T250EBJ,Sanku : Dodoma,Genevieve,2.6
"Uwanja wa ndege, Morogoro Urban, Morogoro, Tanzania","Mwembesongo, Morogoro Urban, Morogoro, Tanzania",T863DQM,X,Y,0.2
"Mikocheni, Kinondoni, Dar es Salaam, Tanzania","Mbezi, Kinondoni, Dar es Salaam, Tanzania",T261DXJ,Morieno,Y,8.9
"Manzese, Kinondoni, Dar es Salaam, Tanzania","Mikocheni, Kinondoni, Dar es Salaam, Tanzania",T261DXJ,X,Y,0.5
"Mwembesongo, Morogoro Urban, Morogoro, Tanzania","Mji mpya, Morogoro Urban, Morogoro, Tanzania",T853DZQ,Kipipa Millers,Kipipa Millers,0.0
"Kingolwira, Morogoro Urban, Morogoro, Tanzania","Kingolwira, Morogoro Urban, Morogoro, Tanzania",T852DZQ,X,Sanku : Morogoro,3.9
"Kilwa Road, Mbagala Kuu, Temeke, Dar es Salaam, Tanzania","Mikocheni, Kinondoni, Dar es Salaam, Tanzania",T240EBJ,X,Y,3.4
"Mwananyamala, Kinondoni, Dar es Salaam, Tanzania","Somanga Street, Magomeni, Kinondoni, Dar es Salaam, Tanzania",T452EBA,X,Y,6.1
"Mikocheni, Kinondoni, Dar es Salaam, Tanzania","Mikocheni, Kinondoni, Dar es Salaam, Tanzania",T196DQG,X,KB Nunge,0.1
"Mikocheni, Kinondoni, Dar es Salaam, Tanzania","Mikocheni, Kinondoni, Dar es Salaam, Tanzania",T196DQG,Mbuji,Mbuji,0.0
"Morogoro Road, Makurumla, Kinondoni, Dar es Salaam, Tanzania","Morogoro Road, Ubungo, Kinondoni, Dar es Salaam, Tanzania",T248EBJ,X,Y,13.4
"Chole Road, Msasani, Kinondoni, Dar es Salaam, Tanzania","Mikocheni, Kinondoni, Dar es Salaam, Tanzania",DFP8546,X,Sanku : Mikocheni,4.7
"Kichangani, Morogoro Urban, Morogoro, Tanzania","Kingolwira, Morogoro Urban, Morogoro, Tanzania",T934DMX,X,Y,0.0
"Kingolwira, Morogoro Urban, Morogoro, Tanzania","Mwembesongo, Morogoro Urban, Morogoro, Tanzania",T862DQM,X,Y,7.6
"Livingstone Street, Gerezani, Ilala, Dar es Salaam, Tanzania","Shaurimoyo, Mchikichini, Ilala, Dar es Salaam, Tanzania",DFP8546,X,Sanku : Mikocheni,4.0
"Mikocheni, Kinondoni, Dar es Salaam, Tanzania","Mikocheni, Kinondoni, Dar es Salaam, Tanzania",T250EBJ,Sanku : Dodoma,Sanku : Dodoma,0.0
"Mwembesongo, Morogoro Urban, Morogoro, Tanzania","Mwembesongo, Morogoro Urban, Morogoro, Tanzania",T453EAJ,Sanku : Dodoma,Y,12.5
"Mikocheni, Kinondoni, Dar es Salaam, Tanzania","Mikocheni, Kinondoni, Dar es Salaam, Tanzania",T261DXJ,SFAKS ENTERPRISES,Halelwa,3.9
"Mji mpya, Morogoro Urban, Morogoro, Tanzania","Mwembesongo, Morogoro Urban, Morogoro, Tanzania",T863DQM,X,Y,5.2
"Old Bagamoyo Road, Msasani, Kinondoni, Dar es Salaam, Tanzania","Old Bagamoyo Road, Msasani, Kinondoni, Dar es Salaam, Tanzania",T261DXJ,X,Tamiwai Investment co.,3.6
,,T934DMX,X,Y,0.0
"Madaraka, Mji mkuu, Morogoro Urban, Morogoro, Tanzania","Sultan Area, Morogoro Urban, Morogoro, Tanzania",T863DQM,X,Y,6.4
"Mji mpya, Morogoro Urban, Morogoro, Tanzania","Mwembesongo, Morogoro Urban, Morogoro, Tanzania",T141DKS,X,Y,5.5
"Mikocheni, Kinondoni, Dar es Salaam, Tanzania","Manzese, Kinondoni, Dar es Salaam, Tanzania",DFP8546,X,Y,6.5
"Chole Road, Msasani, Kinondoni, Dar es Salaam, Tanzania","Mikocheni, Kinondoni, Dar es Salaam, Tanzania",DFP8546,X,Sanku : Mikocheni,10.4
"Manzese, Kinondoni, Dar es Salaam, Tanzania","Kinyerezi, Ilala, Dar es Salaam, Tanzania",T934DMX,X,Y,17.6
"Kunduchi, Kinondoni, Dar es Salaam, Tanzania","Goba, Kinondoni, Dar es Salaam, Tanzania",T240EBJ,X,Y,12.8
"Madaraka, Mji mkuu, Morogoro Urban, Morogoro, Tanzania","Kichangani, Morogoro Urban, Morogoro, Tanzania",T853DZQ,Sanku : Mwanza,Sanku : Mwanza,0.0
"Muhonda Street, Mchikichini, Ilala, Dar es Salaam, Tanzania","Mikocheni, Kinondoni, Dar es Salaam, Tanzania",T240EBJ,X,Y,0.0
"Mikocheni, Kinondoni, Dar es Salaam, Tanzania","Chole Road, Msasani, Kinondoni, Dar es Salaam, Tanzania",DFP8546,X,Y,0.8
"B129, Kihonda, Morogoro Urban, Morogoro, Tanzania","Mwembesongo, Morogoro Urban, Morogoro, Tanzania",T852DZQ,X,Sanku : Morogoro,3.6
"Mji mpya, Morogoro Urban, Morogoro, Tanzania","Mwembesongo, Morogoro Urban, Morogoro, Tanzania",T850DZQ,X,Y,14.4
"Yombo Vituka, Temeke, Dar es Salaam, Tanzania","Kitunda, Ilala, Dar es Salaam, Tanzania",T240EBJ,Kanaani,Sanku : Morogoro,2.4
"Mikocheni, Kinondoni, Dar es Salaam, Tanzania","Mikocheni, Kinondoni, Dar es Salaam, Tanzania",T258DXJ,X,Y,33.0
"Mikocheni, Kinondoni, Dar es Salaam, Tanzania","Manzese, Kinondoni, Dar es Salaam, Tanzania",T240EBJ,Sanku : Morogoro,Y,2.4
"Kingolwira, Morogoro Urban, Morogoro, Tanzania","A7, Kingolwira, Morogoro Urban, Morogoro, Tanzania",T863DQM,SN Milling,Y,2.9
"A7, Mwembesongo, Morogoro Urban, Morogoro, Tanzania","Mwembesongo, Morogoro Urban, Morogoro, Tanzania",T934DMX,X,Y,1.4
"Mikocheni, Kinondoni, Dar es Salaam, Tanzania","Mikocheni, Kinondoni, Dar es Salaam, Tanzania",T248EBJ,X,Y,5.4
"Kingolwira, Morogoro Urban, Morogoro, Tanzania","Uwanja wa ndege, Morogoro Urban, Morogoro, Tanzania",T934DMX,X,Y,3.4
"Mkunguni Street, Kariakoo, Ilala, Dar es Salaam, Tanzania","Mikocheni, Kinondoni, Dar es Salaam, Tanzania",T240EBJ,Sanku : Morogoro,Sanku : Morogoro,0.0
"Mikocheni, Kinondoni, Dar es Salaam, Tanzania","Kariakoo Street, Jangwani, Ilala, Dar es Salaam, Tanzania",T196DQG,Mbuji,Mbuji,12.1
"Kingolwira, Morogoro Urban, Morogoro, Tanzania","Kingolwira, Morogoro Urban, Morogoro, Tanzania",T863DQM,X,Y,0.0
"Mji mpya, Morogoro Urban, Morogoro, Tanzania","Mwembesongo, Morogoro Urban, Morogoro, Tanzania",T453EAJ,X,Y,1.3
"Mwembesongo, Morogoro Urban, Morogoro, Tanzania","Mwembesongo, Morogoro Urban, Morogoro, Tanzania",T852DZQ,X,Sanku : Morogoro,1.1
"Mwembesongo, Morogoro Urban, Morogoro, Tanzania","Mwembesongo, Morogoro Urban, Morogoro, Tanzania",T934DMX,X,Y,0.8
"Mikocheni, Kinondoni, Dar es Salaam, Tanzania","Ubungo, Kinondoni, Dar es Salaam, Tanzania",T980DMT,X,Moses Malimi,11.9
"Mikocheni, Kinondoni, Dar es Salaam, Tanzania","Old Bagamoyo Road, Mikocheni, Kinondoni, Dar es Salaam, Tanzania",T261DXJ,X,Y,3.3
"Uwanja wa Taifa, Morogoro Urban, Morogoro, Tanzania","Mwembesongo, Morogoro Urban, Morogoro, Tanzania",T453EAJ,X,Y,0.2
"Mji mpya, Morogoro Urban, Morogoro, Tanzania","Mwembesongo, Morogoro Urban, Morogoro, Tanzania",T453EAJ,X,Y,0.0
"Somanga Street, Magomeni, Kinondoni, Dar es Salaam, Tanzania","Lumumba Street, Mchafukoge, Ilala, Dar es Salaam, Tanzania",MC473DKX,Sanku : Mikocheni,Sanku : Mikocheni,0.0
"Makuburi, Kinondoni, Dar es Salaam, Tanzania","Makuburi, Kinondoni, Dar es Salaam, Tanzania",DFP8546,Sanku : Mikocheni,Sanku : Mikocheni,0.0
"B127, Diongoya, Mvomero, Morogoro, Tanzania","B127, Diongoya, Mvomero, Morogoro, Tanzania",T863DQM,X,Y,0.0
"Mwembesongo, Morogoro Urban, Morogoro, Tanzania","Mwembesongo, Morogoro Urban, Morogoro, Tanzania",MC473DKX,Sanku : Mikocheni,Y,3.2
"Yombo Vituka, Temeke, Dar es Salaam, Tanzania","Mikocheni, Kinondoni, Dar es Salaam, Tanzania",T240EBJ,Sanku : Morogoro,Sanku : Morogoro,0.0
"Chole Road, Msasani, Kinondoni, Dar es Salaam, Tanzania","Msasani, Kinondoni, Dar es Salaam, Tanzania",T934DMX,X,Y,1.3
"Dahomey Road, Kinondoni, Dar es Salaam, Tanzania","Mikocheni, Kinondoni, Dar es Salaam, Tanzania",T980DMT,X,Y,0.0
"Makuburi, Kinondoni, Dar es Salaam, Tanzania","Shekitango Road, Sinza, Kinondoni, Dar es Salaam, Tanzania",MC315DKY,X,Y,5.8
"Kunduchi, Kinondoni, Dar es Salaam, Tanzania","Kunduchi, Kinondoni, Dar es Salaam, Tanzania",T250EBJ,X,Mahanze,4.4
"Mikocheni, Kinondoni, Dar es Salaam, Tanzania","Mikocheni, Kinondoni, Dar es Salaam, Tanzania",DFP8546,X,Y,1.6
"Mikocheni, Kinondoni, Dar es Salaam, Tanzania","Mikocheni, Kinondoni, Dar es Salaam, Tanzania",T257DXJ,Furaha,Y,10.6
"Mji mkuu, Morogoro Urban, Morogoro, Tanzania","Kichangani, Morogoro Urban, Morogoro, Tanzania",T934DMX,X,Y,0.9
"Mwembesongo, Morogoro Urban, Morogoro, Tanzania","Kingolwira, Morogoro Urban, Morogoro, Tanzania",T863DQM,X,Y,3.3
"Kawe, Kinondoni, Dar es Salaam, Tanzania","Chole Road, Msasani, Kinondoni, Dar es Salaam, Tanzania",T934DMX,Raphael Group,Y,0.0
"Mikocheni, Kinondoni, Dar es Salaam, Tanzania","Sinza, Kinondoni, Dar es Salaam, Tanzania",DFP8546,X,Y,0.0
"Mwembesongo, Morogoro Urban, Morogoro, Tanzania","Mwembesongo, Morogoro Urban, Morogoro, Tanzania",T934DMX,X,Y,0.0
"B129, Kihonda, Morogoro Urban, Morogoro, Tanzania","B129, Kihonda, Morogoro Urban, Morogoro, Tanzania",T852DZQ,Sanku : Morogoro,Y,1.0
"Kingolwira, Morogoro Urban, Morogoro, Tanzania","Sabasaba, Morogoro Urban, Morogoro, Tanzania",T934DMX,X,Y,12.7
"Mazimbu, Morogoro Urban, Morogoro, Tanzania","Mwembesongo, Morogoro Urban, Morogoro, Tanzania",T863DQM,X,Y,3.3
"Charambe, Temeke, Dar es Salaam, Tanzania","Charambe, Temeke, Dar es Salaam, Tanzania",T257DXJ,X,Y,0.6
"Mwembesongo, Morogoro Urban, Morogoro, Tanzania","Mwembesongo, Morogoro Urban, Morogoro, Tanzania",T934DMX,X,Y,2.3
"Mikocheni, Kinondoni, Dar es Salaam, Tanzania","Mikocheni, Kinondoni, Dar es Salaam, Tanzania",T250EBJ,X,Y,0.3
"Rashidi Kawawa Street, Mwananyamala, Kinondoni, Dar es Salaam, Tanz","Mikocheni, Kinondoni, Dar es Salaam, Tanzania",MC473DKX,Sanku : Mikocheni,Isanga,5.1
"Nelson Mandela Road, Makuburi, Kinondoni, Dar es Salaam, Tanzania","Makuburi, Kinondoni, Dar es Salaam, Tanzania",T452EBA,X,Y,7.0
"Mikocheni, Kinondoni, Dar es Salaam, Tanzania","Kawe, Kinondoni, Dar es Salaam, Tanzania",T240EBJ,X,Sanku : Morogoro,3.7
"Mwembesongo, Morogoro Urban, Morogoro, Tanzania","Kingo, Morogoro Urban, Morogoro, Tanzania",T863DQM,X,Y,5.3
"Makuburi, Kinondoni, Dar es Salaam, Tanzania","Mikocheni, Kinondoni, Dar es Salaam, Tanzania",T250EBJ,X,Sanku : Dodoma,3.0
"Mwembesongo, Morogoro Urban, Morogoro, Tanzania","Mwembesongo, Morogoro Urban, Morogoro, Tanzania",T863DQM,X,Y,1.1
"A7, Mbezi, Kinondoni, Dar es Salaam, Tanzania","Mikocheni, Kinondoni, Dar es Salaam, Tanzania",T196DQG,Sanku : Morogoro,Y,1.1
"Mikocheni, Kinondoni, Dar es Salaam, Tanzania","Kinyerezi, Ilala, Dar es Salaam, Tanzania",T934DMX,X,Y,0.2
"Kihonda, Morogoro Urban, Morogoro, Tanzania","Kihonda, Morogoro Urban, Morogoro, Tanzania",T457EBA,Lake Food,Astrica Mill,1.6
"Mwembesongo, Morogoro Urban, Morogoro, Tanzania","Mwembesongo, Morogoro Urban, Morogoro, Tanzania",T452EBA,Sanku : Dodoma,Sanku : Dodoma,0.0
"Kawe, Kinondoni, Dar es Salaam, Tanzania","Mikocheni, Kinondoni, Dar es Salaam, Tanzania",T240EBJ,X,Y,0.0
"Kingolwira, Morogoro Urban, Morogoro, Tanzania","Mwembesongo, Morogoro Urban, Morogoro, Tanzania",T862DQM,X,Moshono Millers Ltd,3.8
"Kijito Nyama, Kinondoni, Dar es Salaam, Tanzania","Mikocheni, Kinondoni, Dar es Salaam, Tanzania",T240EBJ,X,Y,4.3
"Mikocheni, Kinondoni, Dar es Salaam, Tanzania","Mikocheni, Kinondoni, Dar es Salaam, Tanzania",T196DQG,X,Y,0.0
"Mji mpya, Morogoro Urban, Morogoro, Tanzania","Kingolwira, Morogoro Urban, Morogoro, Tanzania",T863DQM,X,Y,0.1
"Mwembesongo, Morogoro Urban, Morogoro, Tanzania","Mwembesongo, Morogoro Urban, Morogoro, Tanzania",T453EAJ,X,Y,19.7
"Mikocheni, Kinondoni, Dar es Salaam, Tanzania","Mikocheni, Kinondoni, Dar es Salaam, Tanzania",T248EBJ,X,Y,0.0
"Kidodi, Kilosa, Morogoro, Tanzania","A7, Mikumi, Kilosa, Morogoro, Tanzania",T934DMX,X,Y,3.8
"Manzese, Kinondoni, Dar es Salaam, Tanzania","Azimio, Temeke, Dar es Salaam, Tanzania",T191DWL,X,Y,3.5
"Uwanja wa Taifa, Morogoro Urban, Morogoro, Tanzania","Kingo, Morogoro Urban, Morogoro, Tanzania",T863DQM,X,Y,0.4
"Kingolwira, Morogoro Urban, Morogoro, Tanzania","Kingolwira, Morogoro Urban, Morogoro, Tanzania",T850DZQ,X,Y,22.8
"Msasani, Kinondoni, Dar es Salaam, Tanzania","Msasani, Kinondoni, Dar es Salaam, Tanzania",T934DMX,X,Y,1.8
"Chole Road, Msasani, Kinondoni, Dar es Salaam, Tanzania","Sinza, Kinondoni, Dar es Salaam, Tanzania",T980DMT,X,Y,0.0
"Mwembesongo, Morogoro Urban, Morogoro, Tanzania","Mji mpya, Morogoro Urban, Morogoro, Tanzania",T852DZQ,X,Y,5.5
"Mwembesongo, Morogoro Urban, Morogoro, Tanzania","Mwembesongo, Morogoro Urban, Morogoro, Tanzania",T852DZQ,X,Y,0.0
"Goba, Kinondoni, Dar es Salaam, Tanzania","Ubungo, Kinondoni, Dar es Salaam, Tanzania",T250EBJ,EXUNOVA MILLING,Y,4.0
"Kingolwira, Morogoro Urban, Morogoro, Tanzania","Kingolwira, Morogoro Urban, Morogoro, Tanzania",T850DZQ,X,Y,46.0
"Mikocheni, Kinondoni, Dar es Salaam, Tanzania","Msasani, Kinondoni, Dar es Salaam, Tanzania",T980DMT,X,Y,1.5
"Msasani, Kinondoni, Dar es Salaam, Tanzania","Chole Road, Msasani, Kinondoni, Dar es Salaam, Tanzania",T934DMX,X,Y,0.5
"A7, Mbezi, Kinondoni, Dar es Salaam, Tanzania","Mikocheni, Kinondoni, Dar es Salaam, Tanzania",T250EBJ,X,Y,0.0
"Mji mpya, Morogoro Urban, Morogoro, Tanzania","Sultan Area, Morogoro Urban, Morogoro, Tanzania",T863DQM,X,Y,1.4
"Mikocheni, Kinondoni, Dar es Salaam, Tanzania","Mikocheni, Kinondoni, Dar es Salaam, Tanzania",DFP8546,X,Y,0.0
"Mikocheni, Kinondoni, Dar es Salaam, Tanzania","Mikocheni, Kinondoni, Dar es Salaam, Tanzania",T261DXJ,X,PSR Mill - A,0.3
"A7, Kingolwira, Morogoro Urban, Morogoro, Tanzania","A7, Kingolwira, Morogoro Urban, Morogoro, Tanzania",T863DQM,X,Y,0.0
"Mwembesongo, Morogoro Urban, Morogoro, Tanzania","Mwembesongo, Morogoro Urban, Morogoro, Tanzania",T934DMX,X,Y,0.0
"Mwembesongo, Morogoro Urban, Morogoro, Tanzania","Mji mpya, Morogoro Urban, Morogoro, Tanzania",T850DZQ,Sanku : Mikocheni,Safari,5.6
"Mwembesongo, Morogoro Urban, Morogoro, Tanzania","Kihonda, Morogoro Urban, Morogoro, Tanzania",T453EAJ,Sanku : Dodoma,Y,0.6
"Mwembesongo, Morogoro Urban, Morogoro, Tanzania","Kihonda, Morogoro Urban, Morogoro, Tanzania",T457EBA,Sanku : Mwanza,Y,30.4
"Mikocheni, Kinondoni, Dar es Salaam, Tanzania","Mikocheni, Kinondoni, Dar es Salaam, Tanzania",T250EBJ,X,Sanku : Dodoma,3.9
"Kingo, Morogoro Urban, Morogoro, Tanzania","Kingo, Morogoro Urban, Morogoro, Tanzania",T862DQM,X,Y,0.0
"Mikocheni, Kinondoni, Dar es Salaam, Tanzania","Mikocheni, Kinondoni, Dar es Salaam, Tanzania",T240EBJ,X,Y,15.2
"Mikocheni, Kinondoni, Dar es Salaam, Tanzania","Mikocheni, Kinondoni, Dar es Salaam, Tanzania",T250EBJ,X,Y,1.2
"Mji mpya, Morogoro Urban, Morogoro, Tanzania","Mji mpya, Morogoro Urban, Morogoro, Tanzania",T457EBA,Kalokola Grain Mill,Y,0.2
"A7, Mazimbu, Morogoro Urban, Morogoro, Tanzania","Kichangani, Morogoro Urban, Morogoro, Tanzania",T934DMX,X,Y,3.6
"Mwembesongo, Morogoro Urban, Morogoro, Tanzania","Mwembesongo, Morogoro Urban, Morogoro, Tanzania",T850DZQ,X,Y,0.0
"Bunju, Kinondoni, Dar es Salaam, Tanzania","Mikocheni, Kinondoni, Dar es Salaam, Tanzania",T240EBJ,X,Y,13.8
"Sandali, Temeke, Dar es Salaam, Tanzania","Tambani, Mkuranga, Pwani, Tanzania",T240EBJ,X,Sanku : Morogoro,1.8
"Ubungo, Kinondoni, Dar es Salaam, Tanzania","Morogoro Road, Ubungo, Kinondoni, Dar es Salaam, Tanzania",T261DXJ,X,Y,0.0
"Mwembesongo, Morogoro Urban, Morogoro, Tanzania","Mji mpya, Morogoro Urban, Morogoro, Tanzania",T852DZQ,X,Y,1.5
"Makangarawe, Temeke, Dar es Salaam, Tanzania","Yombo Vituka, Temeke, Dar es Salaam, Tanzania",T934DMX,X,Y,0.6
"Mikocheni, Kinondoni, Dar es Salaam, Tanzania","Ubungo, Kinondoni, Dar es Salaam, Tanzania",T258DXJ,X,Sanku : Mikocheni,0.0
"Sultan Area, Morogoro Urban, Morogoro, Tanzania","Sultan Area, Morogoro Urban, Morogoro, Tanzania",T934DMX,X,Y,0.4
"Mbezi, Kinondoni, Dar es Salaam, Tanzania","Mikocheni, Kinondoni, Dar es Salaam, Tanzania",T258DXJ,N.A Mill-B,Sanku : Mikocheni,27.7
"Mwembesongo, Morogoro Urban, Morogoro, Tanzania","Mwembesongo, Morogoro Urban, Morogoro, Tanzania",T852DZQ,Amani Milling  B,Sanku : Morogoro,1.7
"Mwembesongo, Morogoro Urban, Morogoro, Tanzania","Kichangani, Morogoro Urban, Morogoro, Tanzania",T934DMX,X,Y,2.3
"Makuburi, Kinondoni, Dar es Salaam, Tanzania","Mikocheni, Kinondoni, Dar es Salaam, Tanzania",T196DQG,Sanku : Morogoro,Sanku : Morogoro,0.0
"Charambe, Temeke, Dar es Salaam, Tanzania","Charambe, Temeke, Dar es Salaam, Tanzania",T141DKS,X,Y,17.0
"Mwembesongo, Morogoro Urban, Morogoro, Tanzania","Dar Es Salaam, Boma, Morogoro Urban, Morogoro, Tanzania",T453EAJ,Sanku : Dodoma,Y,4.4
"B127, Hembeti, Mvomero, Morogoro, Tanzania","B127, Hembeti, Mvomero, Morogoro, Tanzania",T853DZQ,Sanku : Mwanza,Sanku : Mwanza,0.0
"Kigamboni, Temeke, Dar es Salaam, Tanzania","Mikocheni, Kinondoni, Dar es Salaam, Tanzania",T240EBJ,X,Sanku : Morogoro,1.8
"Kingo, Morogoro Urban, Morogoro, Tanzania","Mji mpya, Morogoro Urban, Morogoro, Tanzania",T863DQM,X,Y,0.5
"Old Bagamoyo Road, Mikocheni, Kinondoni, Dar es Salaam, Tanzania","Old Bagamoyo Road, Msasani, Kinondoni, Dar es Salaam, Tanzania",T196DQG,X,Y,0.0
"Madaraka, Mji mkuu, Morogoro Urban, Morogoro, Tanzania","Madaraka, Sultan Area, Morogoro Urban, Morogoro, Tanzania",MC473DKX,Sanku : Mikocheni,Sanku : Mikocheni,0.1
"Mwembesongo, Morogoro Urban, Morogoro, Tanzania","Mwembesongo, Morogoro Urban, Morogoro, Tanzania",T934DMX,X,Y,6.6
"Mikocheni, Kinondoni, Dar es Salaam, Tanzania","Mikocheni, Kinondoni, Dar es Salaam, Tanzania",DFP8546,X,Y,0.4
"Lumumba Street, Mchafukoge, Ilala, Dar es Salaam, Tanzania","Nelson Mandela Road, Kurasini, Temeke, Dar es Salaam, Tanzania",MC473DKX,Sanku : Mikocheni,Isanga,5.1
,,T980DMT,X,Y,2.0
"Morogoro Road, Ubungo, Kinondoni, Dar es Salaam, Tanzania","Mikocheni, Kinondoni, Dar es Salaam, Tanzania",T196DQG,Sanku : Morogoro,Y,6.1
"Mikocheni, Kinondoni, Dar es Salaam, Tanzania","Manzese, Kinondoni, Dar es Salaam, Tanzania",T240EBJ,X,Sanku : Morogoro,1.0
"Mwembesongo, Morogoro Urban, Morogoro, Tanzania","Mwembesongo, Morogoro Urban, Morogoro, Tanzania",T453EAJ,X,Sanku : Dodoma,8.1
"Msasani, Kinondoni, Dar es Salaam, Tanzania","Msasani, Kinondoni, Dar es Salaam, Tanzania",T934DMX,X,Y,1.4
"Kingo, Morogoro Urban, Morogoro, Tanzania","Madaraka, Boma, Morogoro Urban, Morogoro, Tanzania",T863DQM,X,Y,0.0
"Makuburi, Kinondoni, Dar es Salaam, Tanzania","Makuburi, Kinondoni, Dar es Salaam, Tanzania",T258DXJ,X,PSR Mill - B,3.7
"Mikocheni, Kinondoni, Dar es Salaam, Tanzania","Charambe, Temeke, Dar es Salaam, Tanzania",T240EBJ,X,Sanku : Morogoro,3.8
"Mikocheni, Kinondoni, Dar es Salaam, Tanzania","Msasani, Kinondoni, Dar es Salaam, Tanzania",T141DKS,X,Sanku : Mikocheni,0.0
"Mikocheni, Kinondoni, Dar es Salaam, Tanzania","Mikocheni, Kinondoni, Dar es Salaam, Tanzania",T191DWL,X,Sanku : Mikocheni,5.1
"Kingolwira, Morogoro Urban, Morogoro, Tanzania","Kingolwira, Morogoro Urban, Morogoro, Tanzania",T934DMX,X,Y,1.1
"Tambukareli, Dodoma Urban, Dodoma, Tanzania","Tambukareli, Dodoma Urban, Dodoma, Tanzania",T980DMT,X,Y,0.0
"Mwembesongo, Morogoro Urban, Morogoro, Tanzania","Mwembesongo, Morogoro Urban, Morogoro, Tanzania",T453EAJ,X,Y,1.4
,,T240EBJ,Sanku : Morogoro,Sanku : Morogoro,0.0
"Mikocheni, Kinondoni, Dar es Salaam, Tanzania","Mikocheni, Kinondoni, Dar es Salaam, Tanzania",T261DXJ,X,Y,3.0
"Mwembesongo, Morogoro Urban, Morogoro, Tanzania","Mwembesongo, Morogoro Urban, Morogoro, Tanzania",T457EBA,X,Katunzi Family,2.4
"Mji mpya, Morogoro Urban, Morogoro, Tanzania","Mji mpya, Morogoro Urban, Morogoro, Tanzania",T453EAJ,Sanku : Dodoma,Sanku : Dodoma,0.0
"Mikocheni, Kinondoni, Dar es Salaam, Tanzania","Mikocheni, Kinondoni, Dar es Salaam, Tanzania",T452EBA,VERONICA MANDELA,Sanku : Dodoma,7.9
"Kitunda, Ilala, Dar es Salaam, Tanzania","Kitunda, Ilala, Dar es Salaam, Tanzania",T250EBJ,Mahanze,Y,1.2
"Kunduchi, Kinondoni, Dar es Salaam, Tanzania","Kunduchi, Kinondoni, Dar es Salaam, Tanzania",MC473DKX,X,Sanku : Mikocheni,3.7
"Makuburi, Kinondoni, Dar es Salaam, Tanzania","Makuburi, Kinondoni, Dar es Salaam, Tanzania",T250EBJ,X,Y,9.3
"Kizota, Dodoma Urban, Dodoma, Tanzania","Kizota, Dodoma Urban, Dodoma, Tanzania",T980DMT,X,Y,1.1
"Kichangani, Morogoro Urban, Morogoro, Tanzania","Uwanja wa Taifa, Morogoro Urban, Morogoro, Tanzania",T457EBA,X,Y,124.2
"Mikocheni, Kinondoni, Dar es Salaam, Tanzania","Mikocheni, Kinondoni, Dar es Salaam, Tanzania",T261DXJ,X,Coty,17.6
"Kingolwira, Morogoro Urban, Morogoro, Tanzania","Kingo, Morogoro Urban, Morogoro, Tanzania",T863DQM,X,Y,0.7
"Makuburi, Kinondoni, Dar es Salaam, Tanzania","Makuburi, Kinondoni, Dar es Salaam, Tanzania",T261DXJ,X,Y,25.7
"Msasani, Kinondoni, Dar es Salaam, Tanzania","Chole Road, Msasani, Kinondoni, Dar es Salaam, Tanzania",T934DMX,X,Y,2.0
"Mikocheni, Kinondoni, Dar es Salaam, Tanzania","Bagamoyo Road, Kawe, Kinondoni, Dar es Salaam, Tanzania",T191DWL,X,Y,15.2
"Mwembesongo, Morogoro Urban, Morogoro, Tanzania","Sabasaba, Morogoro Urban, Morogoro, Tanzania",T852DZQ,X,Y,6.2
"Mwembesongo, Morogoro Urban, Morogoro, Tanzania","Mwembesongo, Morogoro Urban, Morogoro, Tanzania",T457EBA,X,Y,227.4
"Mwembesongo, Morogoro Urban, Morogoro, Tanzania","Mwembesongo, Morogoro Urban, Morogoro, Tanzania",T453EAJ,X,Y,0.3
"Sam Nujoma Road, Ubungo, Kinondoni, Dar es Salaam, Tanzania","A7, Mbezi, Kinondoni, Dar es Salaam, Tanzania",T257DXJ,Sanku : Mikocheni,Y,0.0
"Sabasaba, Morogoro Urban, Morogoro, Tanzania","Mwembesongo, Morogoro Urban, Morogoro, Tanzania",T852DZQ,X,Y,1.6
"Kichangani, Morogoro Urban, Morogoro, Tanzania","Kingolwira, Morogoro Urban, Morogoro, Tanzania",T853DZQ,Mama Bigirwa Mill,Sanku : Mwanza,15.7
"Kitunda, Ilala, Dar es Salaam, Tanzania","Makangarawe, Temeke, Dar es Salaam, Tanzania",T258DXJ,S.A Mills,Muya Grain Millers,21.4
"Mwembesongo, Morogoro Urban, Morogoro, Tanzania","Station, Kingo, Morogoro Urban, Morogoro, Tanzania",T863DQM,X,Y,4.1
"Mikocheni, Kinondoni, Dar es Salaam, Tanzania","Mikocheni, Kinondoni, Dar es Salaam, Tanzania",T261DXJ,X,Y,0.0
"Old Bagamoyo Road, Msasani, Kinondoni, Dar es Salaam, Tanzania","Makuburi, Kinondoni, Dar es Salaam, Tanzania",DFP8546,X,Sanku : Mikocheni,9.7
"Kingolwira, Morogoro Urban, Morogoro, Tanzania","Kingolwira, Morogoro Urban, Morogoro, Tanzania",T852DZQ,X,Y,0.0
"Kawe, Kinondoni, Dar es Salaam, Tanzania","Mikocheni, Kinondoni, Dar es Salaam, Tanzania",T250EBJ,Mahanze,Y,6.3
,"Mikocheni, Kinondoni, Dar es Salaam, Tanzania",MC473DKX,H.R.M MILLING,Y,8.8
"Kingolwira, Morogoro Urban, Morogoro, Tanzania","Mwembesongo, Morogoro Urban, Morogoro, Tanzania",T934DMX,X,Y,0.0
"A7, Mbezi, Kinondoni, Dar es Salaam, Tanzania","Mikocheni, Kinondoni, Dar es Salaam, Tanzania",T248EBJ,X,Y,0.0
"Makuburi, Kinondoni, Dar es Salaam, Tanzania","Ubungo, Kinondoni, Dar es Salaam, Tanzania",T240EBJ,Sanku : Morogoro,Y,6.9
"Makuburi, Kinondoni, Dar es Salaam, Tanzania","Makuburi, Kinondoni, Dar es Salaam, Tanzania",T258DXJ,X,Y,4.0
"Mikocheni, Kinondoni, Dar es Salaam, Tanzania","Azimio, Temeke, Dar es Salaam, Tanzania",T240EBJ,X,Y,3.1
"Mikocheni, Kinondoni, Dar es Salaam, Tanzania","Manzese, Kinondoni, Dar es Salaam, Tanzania",DFP8546,Sanku : Mikocheni,Allyamin Entereprises,5.4
"Manzese, Kinondoni, Dar es Salaam, Tanzania","Mikocheni, Kinondoni, Dar es Salaam, Tanzania",T196DQG,X,Y,0.0
"Mikocheni, Kinondoni, Dar es Salaam, Tanzania","Mikocheni, Kinondoni, Dar es Salaam, Tanzania",T248EBJ,X,Y,4.0
"Makole, Dodoma Urban, Dodoma, Tanzania","Majengo, Dodoma Urban, Dodoma, Tanzania",T980DMT,X,Y,20.0
"Mikocheni, Kinondoni, Dar es Salaam, Tanzania","Mikocheni, Kinondoni, Dar es Salaam, Tanzania",T980DMT,X,Y,3.5
"Kihonda, Morogoro Urban, Morogoro, Tanzania","B129, Kihonda, Morogoro Urban, Morogoro, Tanzania",T852DZQ,X,Sanku : Morogoro,1.1
"Keko, Temeke, Dar es Salaam, Tanzania","Mikocheni, Kinondoni, Dar es Salaam, Tanzania",T980DMT,Joyce Samuel,Y,99.6
"Mikocheni, Kinondoni, Dar es Salaam, Tanzania","Ubungo, Kinondoni, Dar es Salaam, Tanzania",T196DQG,Sanku : Morogoro,Sanku : Morogoro,0.0
"Kawe, Kinondoni, Dar es Salaam, Tanzania","Mikocheni, Kinondoni, Dar es Salaam, Tanzania",T240EBJ,X,Y,22.3
"Sabasaba, Morogoro Urban, Morogoro, Tanzania","Uhuru, Mji mkuu, Morogoro Urban, Morogoro, Tanzania",T934DMX,X,Y,0.0
"Viwandani, Dodoma Urban, Dodoma, Tanzania","Tambukareli, Dodoma Urban, Dodoma, Tanzania",T980DMT,X,Y,133.0
"Mwembesongo, Morogoro Urban, Morogoro, Tanzania","Mwembesongo, Morogoro Urban, Morogoro, Tanzania",T852DZQ,X,Sanku : Morogoro,3.2
"Manzese, Kinondoni, Dar es Salaam, Tanzania","Manzese, Kinondoni, Dar es Salaam, Tanzania",T196DQG,X,Sanku : Morogoro,3.7
"Mikocheni, Kinondoni, Dar es Salaam, Tanzania","Mikocheni, Kinondoni, Dar es Salaam, Tanzania",T980DMT,X,Y,1.3
"Mazimbu, Morogoro Urban, Morogoro, Tanzania","Dar Es Salaam, Kilakala, Morogoro Urban, Morogoro, Tanzania",T863DQM,X,Y,5.3
"Mwembesongo, Morogoro Urban, Morogoro, Tanzania","Mwembesongo, Morogoro Urban, Morogoro, Tanzania",T863DQM,X,Y,0.0
"Mwembesongo, Morogoro Urban, Morogoro, Tanzania","Mji mpya, Morogoro Urban, Morogoro, Tanzania",T852DZQ,X,Sanku : Morogoro,2.6
"Kihonda, Morogoro Urban, Morogoro, Tanzania","Mwembesongo, Morogoro Urban, Morogoro, Tanzania",T457EBA,X,Y,75.1
"B129, Kihonda, Morogoro Urban, Morogoro, Tanzania","Mwembesongo, Morogoro Urban, Morogoro, Tanzania",T862DQM,X,Maisha,9.5
"Kingolwira, Morogoro Urban, Morogoro, Tanzania","Bigwa, Morogoro Urban, Morogoro, Tanzania",T863DQM,X,Y,0.0
"Kunduchi, Kinondoni, Dar es Salaam, Tanzania","Goba, Kinondoni, Dar es Salaam, Tanzania",T250EBJ,X,Y,4.9
"Mikocheni, Kinondoni, Dar es Salaam, Tanzania","Mikocheni, Kinondoni, Dar es Salaam, Tanzania",T250EBJ,X,Y,16.2
"Kizota, Dodoma Urban, Dodoma, Tanzania","Makole, Dodoma Urban, Dodoma, Tanzania",T980DMT,X,Y,9.0
"Mwembesongo, Morogoro Urban, Morogoro, Tanzania","Mwembesongo, Morogoro Urban, Morogoro, Tanzania",T863DQM,X,Y,0.0
"Mikocheni, Kinondoni, Dar es Salaam, Tanzania","Manzese, Kinondoni, Dar es Salaam, Tanzania",MC315DKY,Mzalendo One,Y,25.7
"Mwembesongo, Morogoro Urban, Morogoro, Tanzania","Dar Es Salaam, Boma, Morogoro Urban, Morogoro, Tanzania",T453EAJ,X,Y,2.9
"Chanika, Ilala, Dar es Salaam, Tanzania","Chanika, Ilala, Dar es Salaam, Tanzania",T250EBJ,X,Y,2.8
"Old Morogoro, Kilakala, Morogoro Urban, Morogoro, Tanzania","Mwembesongo, Morogoro Urban, Morogoro, Tanzania",T863DQM,X,Y,0.1
"Kitunda, Ilala, Dar es Salaam, Tanzania","Kitunda, Ilala, Dar es Salaam, Tanzania",T934DMX,X,Y,3.3
"Mikocheni, Kinondoni, Dar es Salaam, Tanzania","Mikocheni, Kinondoni, Dar es Salaam, Tanzania",T250EBJ,X,Y,5.6
"Mbezi, Kinondoni, Dar es Salaam, Tanzania","Mikocheni, Kinondoni, Dar es Salaam, Tanzania",DFP8546,X,Y,1.5
"A7, Mbezi, Kinondoni, Dar es Salaam, Tanzania","Mbezi, Kinondoni, Dar es Salaam, Tanzania",T258DXJ,Angelisa Milling,Y,17.5
"Mwembesongo, Morogoro Urban, Morogoro, Tanzania","B127, Mvomero, Morogoro, Tanzania",T853DZQ,X,Sanku : Mwanza,2.6
"Mikocheni, Kinondoni, Dar es Salaam, Tanzania","Sam Nujoma Road, Kijito Nyama, Kinondoni, Dar es Salaam, Tanzania",T196DQG,X,Y,0.0
"Kimara, Kinondoni, Dar es Salaam, Tanzania","Kimara, Kinondoni, Dar es Salaam, Tanzania",T240EBJ,X,Guzuye investment,10.2
"Makuburi, Kinondoni, Dar es Salaam, Tanzania","Makuburi, Kinondoni, Dar es Salaam, Tanzania",T257DXJ,X,Y,14.0
"Mbaruku Street, Gerezani, Ilala, Dar es Salaam, Tanzania","Mbaruku Street, Gerezani, Ilala, Dar es Salaam, Tanzania",T250EBJ,X,Mahanze,5.3
"Mikocheni, Kinondoni, Dar es Salaam, Tanzania","Bagamoyo Road, Kunduchi, Kinondoni, Dar es Salaam, Tanzania",MC315DKY,Sanku : Mikocheni,Sanku : Mikocheni,0.8
"Mikocheni, Kinondoni, Dar es Salaam, Tanzania","Mikocheni, Kinondoni, Dar es Salaam, Tanzania",T250EBJ,X,Y,8.7
"Manzese, Kinondoni, Dar es Salaam, Tanzania","Mikocheni, Kinondoni, Dar es Salaam, Tanzania",T250EBJ,Kababaye Sons,Y,4.0
"Makuburi, Kinondoni, Dar es Salaam, Tanzania","Makuburi, Kinondoni, Dar es Salaam, Tanzania",T258DXJ,X,Y,20.2
"Dodoma Road, Majengo, Dodoma Urban, Dodoma, Tanzania","Dodoma Road, Majengo, Dodoma Urban, Dodoma, Tanzania",T141DKS,X,Y,0.0
"Sultan Area, Morogoro Urban, Morogoro, Tanzania","Uwanja wa Taifa, Morogoro Urban, Morogoro, Tanzania",T934DMX,X,Y,0.0
"Mwembesongo, Morogoro Urban, Morogoro, Tanzania","Mwembesongo, Morogoro Urban, Morogoro, Tanzania",T457EBA,X,Y,5.6
"A7, Mwembesongo, Morogoro Urban, Morogoro, Tanzania","A7, Mwembesongo, Morogoro Urban, Morogoro, Tanzania",T453EAJ,X,Y,6.9
"Mwembesongo, Morogoro Urban, Morogoro, Tanzania","Mwembesongo, Morogoro Urban, Morogoro, Tanzania",T453EAJ,X,Sanku : Dodoma,83.1
"Mikocheni, Kinondoni, Dar es Salaam, Tanzania","Manzese, Kinondoni, Dar es Salaam, Tanzania",T196DQG,X,Y,0.0
"Mji mpya, Morogoro Urban, Morogoro, Tanzania","Mji mpya, Morogoro Urban, Morogoro, Tanzania",T457EBA,X,Sanku : Mwanza,0.4
"Mbezi, Kinondoni, Dar es Salaam, Tanzania","Mkuranga, Pwani, Tanzania",DFP8546,X,Y,0.0
"Mbezi, Kinondoni, Dar es Salaam, Tanzania","Kitunda, Ilala, Dar es Salaam, Tanzania",T248EBJ,X,Y,13.5
"Makuburi, Kinondoni, Dar es Salaam, Tanzania","Makuburi, Kinondoni, Dar es Salaam, Tanzania",T261DXJ,X,Y,0.2
"Kizota, Dodoma Urban, Dodoma, Tanzania","Kizota, Dodoma Urban, Dodoma, Tanzania",T980DMT,X,Y,2.9
"Mikocheni, Kinondoni, Dar es Salaam, Tanzania","Mikocheni, Kinondoni, Dar es Salaam, Tanzania",T250EBJ,X,Mahanze,8.9
"Mwembesongo, Morogoro Urban, Morogoro, Tanzania","Mwembesongo, Morogoro Urban, Morogoro, Tanzania",MC473DKX,X,Y,0.0
"Mji mpya, Morogoro Urban, Morogoro, Tanzania","Mwembesongo, Morogoro Urban, Morogoro, Tanzania",T863DQM,X,Y,0.0
"Kawe, Kinondoni, Dar es Salaam, Tanzania","Mikocheni, Kinondoni, Dar es Salaam, Tanzania",T141DKS,Sanku : Mikocheni,Y,0.0
"Kingolwira, Morogoro Urban, Morogoro, Tanzania","A7, Kingolwira, Morogoro Urban, Morogoro, Tanzania",T863DQM,X,Y,1.2
"Mikocheni, Kinondoni, Dar es Salaam, Tanzania","Mikocheni, Kinondoni, Dar es Salaam, Tanzania",DFP8546,X,Y,1.6
"Sam Nujoma Road, Ubungo, Kinondoni, Dar es Salaam, Tanzania","Mikocheni, Kinondoni, Dar es Salaam, Tanzania",T250EBJ,X,Y,2.5
"Mikocheni, Kinondoni, Dar es Salaam, Tanzania","Mikocheni, Kinondoni, Dar es Salaam, Tanzania",T258DXJ,Isanga,Sanku : Mikocheni,5.7
"Sinza, Kinondoni, Dar es Salaam, Tanzania","Mikocheni, Kinondoni, Dar es Salaam, Tanzania",T240EBJ,X,Mdee A,2.5
"Uwanja wa Taifa, Morogoro Urban, Morogoro, Tanzania","Uwanja wa Taifa, Morogoro Urban, Morogoro, Tanzania",T862DQM,X,Y,9.1
"Mwembesongo, Morogoro Urban, Morogoro, Tanzania","Kihonda, Morogoro Urban, Morogoro, Tanzania",T863DQM,X,Y,18.3
"Dar Es Salaam, Kilakala, Morogoro Urban, Morogoro, Tanzania","Mwembesongo, Morogoro Urban, Morogoro, Tanzania",T863DQM,X,Y,0.0
"Makuburi, Kinondoni, Dar es Salaam, Tanzania","Makuburi, Kinondoni, Dar es Salaam, Tanzania",T257DXJ,X,Y,13.6
"Mji mpya, Morogoro Urban, Morogoro, Tanzania","Kingo, Morogoro Urban, Morogoro, Tanzania",T863DQM,X,Y,0.1
"Bunju, Kinondoni, Dar es Salaam, Tanzania","Mikocheni, Kinondoni, Dar es Salaam, Tanzania",T240EBJ,X,Y,0.0
"Kihonda, Morogoro Urban, Morogoro, Tanzania","Mwembesongo, Morogoro Urban, Morogoro, Tanzania",T453EAJ,X,Y,0.1
"Mwembesongo, Morogoro Urban, Morogoro, Tanzania","Kingolwira, Morogoro Urban, Morogoro, Tanzania",T453EAJ,X,Y,4.7
"Chole Road, Msasani, Kinondoni, Dar es Salaam, Tanzania","Chole Road, Msasani, Kinondoni, Dar es Salaam, Tanzania",T452EBA,X,Y,0.0
"Kingo, Morogoro Urban, Morogoro, Tanzania","Kingo, Morogoro Urban, Morogoro, Tanzania",T852DZQ,X,Y,3.5
"Mbezi, Kinondoni, Dar es Salaam, Tanzania","Mbezi, Kinondoni, Dar es Salaam, Tanzania",T257DXJ,X,Y,53.4
"Madaraka, Mji mkuu, Morogoro Urban, Morogoro, Tanzania","Kingo, Morogoro Urban, Morogoro, Tanzania",T934DMX,X,Y,8.1
"Manzese, Kinondoni, Dar es Salaam, Tanzania","Makuburi, Kinondoni, Dar es Salaam, Tanzania",DFP8546,X,Y,4.0
"Mikocheni, Kinondoni, Dar es Salaam, Tanzania","Manzese, Kinondoni, Dar es Salaam, Tanzania",MC473DKX,X,Y,0.0
"Mwembesongo, Morogoro Urban, Morogoro, Tanzania","Mwembesongo, Morogoro Urban, Morogoro, Tanzania",T863DQM,X,MAWAKI,38.0
,,DFP8546,X,Y,0.6
"Makuburi, Kinondoni, Dar es Salaam, Tanzania","Makuburi, Kinondoni, Dar es Salaam, Tanzania",MC473DKX,Sanku : Mikocheni,Sanku : Mikocheni,41.8
"Mwembesongo, Morogoro Urban, Morogoro, Tanzania","Mwembesongo, Morogoro Urban, Morogoro, Tanzania",T453EAJ,Sanku : Dodoma,Y,5.3
"Uwanja wa Taifa, Morogoro Urban, Morogoro, Tanzania","Uwanja wa Taifa, Morogoro Urban, Morogoro, Tanzania",T850DZQ,Lugome 2,Muya Grain Millers,4.4
"Msongola, Ilala, Dar es Salaam, Tanzania","Narungumbe Street, Mchikichini, Ilala, Dar es Salaam, Tanzania",T196DQG,X,Y,2.6
"Msongola, Ilala, Dar es Salaam, Tanzania","Kitunda, Ilala, Dar es Salaam, Tanzania",T934DMX,X,Y,0.0
"Kilakala, Morogoro Urban, Morogoro, Tanzania","Dar Es Salaam, Kilakala, Morogoro Urban, Morogoro, Tanzania",T863DQM,X,Y,0.0
"Mikocheni, Kinondoni, Dar es Salaam, Tanzania","Mzimuni, Kinondoni, Dar es Salaam, Tanzania",T196DQG,X,Y,14.6
"Mwembesongo, Morogoro Urban, Morogoro, Tanzania","A7, Kingolwira, Morogoro Urban, Morogoro, Tanzania",T934DMX,X,Y,3.6
"Mikocheni, Kinondoni, Dar es Salaam, Tanzania","Mikocheni, Kinondoni, Dar es Salaam, Tanzania",T196DQG,X,Y,0.0
"Kingolwira, Morogoro Urban, Morogoro, Tanzania","Mji mpya, Morogoro Urban, Morogoro, Tanzania",T934DMX,X,Y,0.0
"Makangarawe, Temeke, Dar es Salaam, Tanzania","Makangarawe, Temeke, Dar es Salaam, Tanzania",T257DXJ,X,Y,0.6
"Uwanja wa ndege, Morogoro Urban, Morogoro, Tanzania","Uwanja wa Taifa, Morogoro Urban, Morogoro, Tanzania",T863DQM,X,Y,0.0
"Tambukareli, Dodoma Urban, Dodoma, Tanzania","Tambukareli, Dodoma Urban, Dodoma, Tanzania",T980DMT,X,Y,5.0
"Chole Road, Msasani, Kinondoni, Dar es Salaam, Tanzania","Kimweri Avenue, Msasani, Kinondoni, Dar es Salaam, Tanzania",T261DXJ,Ask milling,Sanku : Mikocheni,30.2
"Uhuru, Mji mkuu, Morogoro Urban, Morogoro, Tanzania","Uwanja wa ndege, Morogoro Urban, Morogoro, Tanzania",MC473DKX,X,Sanku : Mikocheni,1.1
"Manzese, Kinondoni, Dar es Salaam, Tanzania","Sam Nujoma Road, Kawe, Kinondoni, Dar es Salaam, Tanzania",MC473DKX,Sanku : Mikocheni,Kelu Grain Miller,21.9
"Bunju, Kinondoni, Dar es Salaam, Tanzania","Kawe, Kinondoni, Dar es Salaam, Tanzania",T240EBJ,Mbuji,Sanku : Morogoro,2.7
"Kingolwira, Morogoro Urban, Morogoro, Tanzania","Kingolwira, Morogoro Urban, Morogoro, Tanzania",T453EAJ,Sanku : Dodoma,Y,1.7
"Sinza, Kinondoni, Dar es Salaam, Tanzania","Manzese, Kinondoni, Dar es Salaam, Tanzania",MC473DKX,X,Wamachele,3.5
"Makangarawe, Temeke, Dar es Salaam, Tanzania","Makangarawe, Temeke, Dar es Salaam, Tanzania",T258DXJ,X,Y,0.4
"Mwembesongo, Morogoro Urban, Morogoro, Tanzania","Mji mpya, Morogoro Urban, Morogoro, Tanzania",T453EAJ,X,Y,0.3
"Kawe, Kinondoni, Dar es Salaam, Tanzania","Chole Road, Msasani, Kinondoni, Dar es Salaam, Tanzania",T980DMT,X,Y,0.0
"Kawe, Kinondoni, Dar es Salaam, Tanzania","Kawe, Kinondoni, Dar es Salaam, Tanzania",T934DMX,KESHI 1 GROUP MILING MACHINE,KESHI 1 GROUP MILING MACHINE,0.0
"Mikocheni, Kinondoni, Dar es Salaam, Tanzania","Mikocheni, Kinondoni, Dar es Salaam, Tanzania",MC315DKY,X,Y,2.4
"Mikocheni, Kinondoni, Dar es Salaam, Tanzania","Mikocheni, Kinondoni, Dar es Salaam, Tanzania",T196DQG,X,Y,0.0
"Mwembesongo, Morogoro Urban, Morogoro, Tanzania","Mwembesongo, Morogoro Urban, Morogoro, Tanzania",T453EAJ,X,Sanku : Dodoma,0.5
"Makuburi, Kinondoni, Dar es Salaam, Tanzania","Makuburi, Kinondoni, Dar es Salaam, Tanzania",MC315DKY,Sanku : Mikocheni,Sanku : Mikocheni,9.5
"Mikocheni, Kinondoni, Dar es Salaam, Tanzania","Mikocheni, Kinondoni, Dar es Salaam, Tanzania",T240EBJ,X,Y,0.6
"Mikocheni, Kinondoni, Dar es Salaam, Tanzania","Msasani, Kinondoni, Dar es Salaam, Tanzania",T261DXJ,X,Y,0.8
"Mikocheni, Kinondoni, Dar es Salaam, Tanzania","Bagamoyo Road, Mwananyamala, Kinondoni, Dar es Salaam, Tanzania",T196DQG,X,Y,1.9
"Kingolwira, Morogoro Urban, Morogoro, Tanzania","Mwembesongo, Morogoro Urban, Morogoro, Tanzania",T457EBA,Rudo Maize,Y,1.2
"Mikocheni, Kinondoni, Dar es Salaam, Tanzania","Mikocheni, Kinondoni, Dar es Salaam, Tanzania",T452EBA,X,Y,10.9
"Chole Road, Msasani, Kinondoni, Dar es Salaam, Tanzania","Mikocheni, Kinondoni, Dar es Salaam, Tanzania",T141DKS,X,Y,0.2
"Mikocheni, Kinondoni, Dar es Salaam, Tanzania","Mikocheni, Kinondoni, Dar es Salaam, Tanzania",T257DXJ,X,Y,13.9
"Mikocheni, Kinondoni, Dar es Salaam, Tanzania","Mikocheni, Kinondoni, Dar es Salaam, Tanzania",T934DMX,X,Y,12.2
"Mikocheni, Kinondoni, Dar es Salaam, Tanzania","Mikocheni, Kinondoni, Dar es Salaam, Tanzania",MC473DKX,X,Y,9.3
"Mwembesongo, Morogoro Urban, Morogoro, Tanzania","Mwembesongo, Morogoro Urban, Morogoro, Tanzania",T457EBA,X,Kirumi Milling,210.6
"Makuburi, Kinondoni, Dar es Salaam, Tanzania","Nyerere Road, Kipawa, Ilala, Dar es Salaam, Tanzania",MC315DKY,Sanku : Mikocheni,Sanku : Mikocheni,45.0
"Makuburi, Kinondoni, Dar es Salaam, Tanzania","Mikocheni, Kinondoni, Dar es Salaam, Tanzania",T452EBA,X,Y,0.0
"Mwembesongo, Morogoro Urban, Morogoro, Tanzania","Mwembesongo, Morogoro Urban, Morogoro, Tanzania",T934DMX,X,Y,2.3
"Mwembesongo, Morogoro Urban, Morogoro, Tanzania","Main, Uwanja wa Taifa, Morogoro Urban, Morogoro, Tanzania",T934DMX,X,Y,1.2
"Mji mpya, Morogoro Urban, Morogoro, Tanzania","Mwembesongo, Morogoro Urban, Morogoro, Tanzania",T863DQM,X,Y,0.0
"A7, Mbezi, Kinondoni, Dar es Salaam, Tanzania","Makuburi, Kinondoni, Dar es Salaam, Tanzania",T250EBJ,X,Y,0.0
"Mbezi, Kinondoni, Dar es Salaam, Tanzania","Mbezi, Kinondoni, Dar es Salaam, Tanzania",T257DXJ,MGO Milling,Kilua Milling,2.7
"Makuburi, Kinondoni, Dar es Salaam, Tanzania","Lumumba Street, Kariakoo, Ilala, Dar es Salaam, Tanzania",MC473DKX,X,Y,7.3
"Mikocheni, Kinondoni, Dar es Salaam, Tanzania","A7, Mbezi, Kinondoni, Dar es Salaam, Tanzania",T250EBJ,Sanku : Dodoma,Y,33.1
"Mikocheni, Kinondoni, Dar es Salaam, Tanzania","Mikocheni, Kinondoni, Dar es Salaam, Tanzania",T258DXJ,PSR Mill - B,Y,13.8
"Mwembesongo, Morogoro Urban, Morogoro, Tanzania","Kingolwira, Morogoro Urban, Morogoro, Tanzania",T850DZQ,Sanku : Mikocheni,Sanku : Mikocheni,0.0
"Mwembesongo, Morogoro Urban, Morogoro, Tanzania","Mwembesongo, Morogoro Urban, Morogoro, Tanzania",T453EAJ,X,Y,7.9
"Mji mpya, Morogoro Urban, Morogoro, Tanzania","Kingo, Morogoro Urban, Morogoro, Tanzania",T863DQM,X,Y,4.5
"Kijito Nyama, Kinondoni, Dar es Salaam, Tanzania","Kijito Nyama, Kinondoni, Dar es Salaam, Tanzania",T452EBA,X,Y,2.2
"Mwembesongo, Morogoro Urban, Morogoro, Tanzania","Mwembesongo, Morogoro Urban, Morogoro, Tanzania",T853DZQ,X,Y,15.8
"Mikocheni, Kinondoni, Dar es Salaam, Tanzania","A7, Mbezi, Kinondoni, Dar es Salaam, Tanzania",T240EBJ,X,Y,2.1
"Mwembesongo, Morogoro Urban, Morogoro, Tanzania","A7, Kingolwira, Morogoro Urban, Morogoro, Tanzania",T863DQM,Ng'owo,Y,0.6
"Sinza, Kinondoni, Dar es Salaam, Tanzania","Rashidi Kawawa Street, Mwananyamala, Kinondoni, Dar es Salaam, Tanz",MC473DKX,X,Sanku : Mikocheni,9.0
"A7, Kingolwira, Morogoro Urban, Morogoro, Tanzania","Kingolwira, Morogoro Urban, Morogoro, Tanzania",T862DQM,X,Y,14.0
"Makuburi, Kinondoni, Dar es Salaam, Tanzania","Makuburi, Kinondoni, Dar es Salaam, Tanzania",DFP8546,X,Y,22.4
"Kingo, Morogoro Urban, Morogoro, Tanzania","Kingo, Morogoro Urban, Morogoro, Tanzania",T853DZQ,Pilly Posho Mill,Y,0.4
"Kijito Nyama, Kinondoni, Dar es Salaam, Tanzania","Mikocheni, Kinondoni, Dar es Salaam, Tanzania",T196DQG,X,Y,13.0
"Mikocheni, Kinondoni, Dar es Salaam, Tanzania","Mikocheni, Kinondoni, Dar es Salaam, Tanzania",T196DQG,X,Y,2.2
"Uwanja wa Taifa, Morogoro Urban, Morogoro, Tanzania","Mwembesongo, Morogoro Urban, Morogoro, Tanzania",T863DQM,X,Y,0.4
"Mikocheni, Kinondoni, Dar es Salaam, Tanzania","Mikocheni, Kinondoni, Dar es Salaam, Tanzania",T258DXJ,X,Y,22.4
"Old Bagamoyo Road, Msasani, Kinondoni, Dar es Salaam, Tanzania","Mikocheni, Kinondoni, Dar es Salaam, Tanzania",T250EBJ,X,Y,10.4
"Uwanja wa Taifa, Morogoro Urban, Morogoro, Tanzania","Main, Uwanja wa Taifa, Morogoro Urban, Morogoro, Tanzania",T852DZQ,X,Y,0.3
"Mwembesongo, Morogoro Urban, Morogoro, Tanzania","Mwembesongo, Morogoro Urban, Morogoro, Tanzania",T453EAJ,X,Sanku : Dodoma,11.6
"Mwembesongo, Morogoro Urban, Morogoro, Tanzania","Mwembesongo, Morogoro Urban, Morogoro, Tanzania",T453EAJ,X,Y,0.0
"Mwembesongo, Morogoro Urban, Morogoro, Tanzania","Mwembesongo, Morogoro Urban, Morogoro, Tanzania",T852DZQ,X,Y,0.0
"Makuburi, Kinondoni, Dar es Salaam, Tanzania","Makuburi, Kinondoni, Dar es Salaam, Tanzania",T258DXJ,Nguju C,Y,26.7
"Mikocheni, Kinondoni, Dar es Salaam, Tanzania","Mikocheni, Kinondoni, Dar es Salaam, Tanzania",T257DXJ,X,Ivan Investment Company,9.5
"Sinza, Kinondoni, Dar es Salaam, Tanzania","Sinza, Kinondoni, Dar es Salaam, Tanzania",MC473DKX,Naima Mills,PSR Mill - J,19.2
"Mikocheni, Kinondoni, Dar es Salaam, Tanzania","Mikocheni, Kinondoni, Dar es Salaam, Tanzania",T250EBJ,Sanku : Dodoma,Y,9.2
"Tumbi, Kibaha, Pwani, Tanzania","Makangarawe, Temeke, Dar es Salaam, Tanzania",T258DXJ,X,Sanku : Mikocheni,22.4
"Mikocheni, Kinondoni, Dar es Salaam, Tanzania","Mikocheni, Kinondoni, Dar es Salaam, Tanzania",T240EBJ,X,Y,0.0
"Chole Road, Msasani, Kinondoni, Dar es Salaam, Tanzania","Mikocheni, Kinondoni, Dar es Salaam, Tanzania",DFP8546,X,Y,0.0
"Kawe, Kinondoni, Dar es Salaam, Tanzania","Kawe, Kinondoni, Dar es Salaam, Tanzania",T934DMX,KESHI 1 GROUP MILING MACHINE,Y,0.9
"Mikocheni, Kinondoni, Dar es Salaam, Tanzania","Mikocheni, Kinondoni, Dar es Salaam, Tanzania",T261DXJ,Lina,Y,37.4
"Mbezi, Kinondoni, Dar es Salaam, Tanzania","A7, Mbezi, Kinondoni, Dar es Salaam, Tanzania",T196DQG,X,Y,0.1
"Mikocheni, Kinondoni, Dar es Salaam, Tanzania","Kongo Street, Gerezani, Ilala, Dar es Salaam, Tanzania",T196DQG,X,Y,0.0
"Sinza, Kinondoni, Dar es Salaam, Tanzania","Kijito Nyama, Kinondoni, Dar es Salaam, Tanzania",T980DMT,X,Y,0.0
"Kitunda, Ilala, Dar es Salaam, Tanzania","Kitunda, Ilala, Dar es Salaam, Tanzania",T934DMX,X,Y,0.0
"Kingolwira, Morogoro Urban, Morogoro, Tanzania","Mwembesongo, Morogoro Urban, Morogoro, Tanzania",T862DQM,X,Y,11.3
"Mikocheni, Kinondoni, Dar es Salaam, Tanzania","Ubungo, Kinondoni, Dar es Salaam, Tanzania",DFP8546,X,Y,2.6
"Mikocheni, Kinondoni, Dar es Salaam, Tanzania","Mikocheni, Kinondoni, Dar es Salaam, Tanzania",DFP8546,X,Y,4.9
"Kunduchi, Kinondoni, Dar es Salaam, Tanzania","Goba, Kinondoni, Dar es Salaam, Tanzania",T248EBJ,X,Y,13.7
"Mwembesongo, Morogoro Urban, Morogoro, Tanzania","Mwembesongo, Morogoro Urban, Morogoro, Tanzania",T934DMX,X,Y,0.7
"Morogoro Road, Ubungo, Kinondoni, Dar es Salaam, Tanzania","Makuburi, Kinondoni, Dar es Salaam, Tanzania",T250EBJ,TAUSI MILL,Y,0.7
"Mikocheni, Kinondoni, Dar es Salaam, Tanzania","Mikocheni, Kinondoni, Dar es Salaam, Tanzania",T261DXJ,X,Y,21.2
"Mikocheni, Kinondoni, Dar es Salaam, Tanzania","Mikocheni, Kinondoni, Dar es Salaam, Tanzania",T250EBJ,NGOSHAH FOOD COMPANY,Y,4.0
"A7, Kingolwira, Morogoro Urban, Morogoro, Tanzania","A7, Kingolwira, Morogoro Urban, Morogoro, Tanzania",T850DZQ,PSR Mill - C,Umoja Maize Flour Mills,7.3
"Mikocheni, Kinondoni, Dar es Salaam, Tanzania","Tandale, Kinondoni, Dar es Salaam, Tanzania",T261DXJ,X,Y,0.0
"Azimio, Temeke, Dar es Salaam, Tanzania","Yombo Vituka, Temeke, Dar es Salaam, Tanzania",T240EBJ,Senzige milling,Kanaani,1.5
"Kichangani, Morogoro Urban, Morogoro, Tanzania","Kingolwira, Morogoro Urban, Morogoro, Tanzania",T862DQM,X,Y,0.0
"Mikocheni, Kinondoni, Dar es Salaam, Tanzania","Bagamoyo Road, Kawe, Kinondoni, Dar es Salaam, Tanzania",T196DQG,X,Y,0.2
"Msasani, Kinondoni, Dar es Salaam, Tanzania","Kawe, Kinondoni, Dar es Salaam, Tanzania",T980DMT,X,Y,0.0
"Mwembesongo, Morogoro Urban, Morogoro, Tanzania","Mwembesongo, Morogoro Urban, Morogoro, Tanzania",T453EAJ,X,Y,0.7
"Makuburi, Kinondoni, Dar es Salaam, Tanzania","Makuburi, Kinondoni, Dar es Salaam, Tanzania",T257DXJ,X,Sanku : Mikocheni,46.7
"Kingolwira, Morogoro Urban, Morogoro, Tanzania","Mwembesongo, Morogoro Urban, Morogoro, Tanzania",T934DMX,X,Y,0.0
"A7, Mbezi, Kinondoni, Dar es Salaam, Tanzania","Mikocheni, Kinondoni, Dar es Salaam, Tanzania",T191DWL,X,Y,0.0
"Mbezi, Kinondoni, Dar es Salaam, Tanzania","Mikocheni, Kinondoni, Dar es Salaam, Tanzania",T258DXJ,X,Sanku : Mikocheni,0.0
"Kijito Nyama, Kinondoni, Dar es Salaam, Tanzania","Chole Road, Msasani, Kinondoni, Dar es Salaam, Tanzania",T452EBA,X,Y,1.7
"Old Bagamoyo Road, Msasani, Kinondoni, Dar es Salaam, Tanzania","Mikocheni, Kinondoni, Dar es Salaam, Tanzania",T196DQG,X,Y,0.0
"Mikocheni, Kinondoni, Dar es Salaam, Tanzania","Makuburi, Kinondoni, Dar es Salaam, Tanzania",T261DXJ,X,Y,10.0
"Kingolwira, Morogoro Urban, Morogoro, Tanzania","Kingolwira, Morogoro Urban, Morogoro, Tanzania",T863DQM,X,Y,0.0
"Mazimbu, Morogoro Urban, Morogoro, Tanzania","Mazimbu, Morogoro Urban, Morogoro, Tanzania",T863DQM,X,Y,1.2
"Chanika, Ilala, Dar es Salaam, Tanzania","Msongola, Ilala, Dar es Salaam, Tanzania",T258DXJ,Sanku : Mikocheni,Y,0.5
"Mikocheni, Kinondoni, Dar es Salaam, Tanzania","Mikocheni, Kinondoni, Dar es Salaam, Tanzania",T240EBJ,X,Kivumbe Mills,1.9
"Kingo, Morogoro Urban, Morogoro, Tanzania","Kichangani, Morogoro Urban, Morogoro, Tanzania",T934DMX,X,Y,0.0
"Sabasaba, Morogoro Urban, Morogoro, Tanzania","Mwembesongo, Morogoro Urban, Morogoro, Tanzania",T852DZQ,Sanku : Morogoro,Y,0.0
"Msongola, Ilala, Dar es Salaam, Tanzania","Msongola, Ilala, Dar es Salaam, Tanzania",T250EBJ,X,MTENDENI MASHINE,3.7
"Mikocheni, Kinondoni, Dar es Salaam, Tanzania","A7, Mbezi, Kinondoni, Dar es Salaam, Tanzania",T250EBJ,X,Y,7.4
"Mikocheni, Kinondoni, Dar es Salaam, Tanzania","Mikocheni, Kinondoni, Dar es Salaam, Tanzania",T196DQG,X,Y,9.4
"Mwembesongo, Morogoro Urban, Morogoro, Tanzania","Mwembesongo, Morogoro Urban, Morogoro, Tanzania",T453EAJ,X,Y,7.0
"Mwembesongo, Morogoro Urban, Morogoro, Tanzania","Mwembesongo, Morogoro Urban, Morogoro, Tanzania",T934DMX,X,Y,0.0
"Mji mpya, Morogoro Urban, Morogoro, Tanzania","Boma, Morogoro Urban, Morogoro, Tanzania",T862DQM,X,Y,3.1
"Mwembesongo, Morogoro Urban, Morogoro, Tanzania","Mwembesongo, Morogoro Urban, Morogoro, Tanzania",T457EBA,X,Sanku : Mwanza,2.5
"Mwembesongo, Morogoro Urban, Morogoro, Tanzania","Mwembesongo, Morogoro Urban, Morogoro, Tanzania",T453EAJ,Takadiri,Sanku : Dodoma,2.8
"Mikocheni, Kinondoni, Dar es Salaam, Tanzania","Mikocheni, Kinondoni, Dar es Salaam, Tanzania",T980DMT,X,Y,0.0
"Makuburi, Kinondoni, Dar es Salaam, Tanzania","Makuburi, Kinondoni, Dar es Salaam, Tanzania",T452EBA,X,Sanku : Dodoma,0.5
"Mbezi, Kinondoni, Dar es Salaam, Tanzania","Mikocheni, Kinondoni, Dar es Salaam, Tanzania",T257DXJ,Sanku : Mikocheni,Sanku : Mikocheni,0.0
"B127, Magole, Kilosa, Morogoro, Tanzania","B129, Dumila, Kilosa, Morogoro, Tanzania",T863DQM,X,Y,0.0
"Mbezi, Kinondoni, Dar es Salaam, Tanzania","Mbezi, Kinondoni, Dar es Salaam, Tanzania",T261DXJ,X,Y,8.0
"Mbaruku Street, Gerezani, Ilala, Dar es Salaam, Tanzania","Mikocheni, Kinondoni, Dar es Salaam, Tanzania",T240EBJ,X,Y,15.5
"Mikocheni, Kinondoni, Dar es Salaam, Tanzania","Manzese, Kinondoni, Dar es Salaam, Tanzania",T250EBJ,X,MASAGAJA MILL,2.1
"Mikocheni, Kinondoni, Dar es Salaam, Tanzania","Mikocheni, Kinondoni, Dar es Salaam, Tanzania",T196DQG,X,Y,0.0
"Mji mpya, Morogoro Urban, Morogoro, Tanzania","Mwembesongo, Morogoro Urban, Morogoro, Tanzania",T141DKS,X,Y,0.0
"Kichangani, Morogoro Urban, Morogoro, Tanzania","Kingolwira, Morogoro Urban, Morogoro, Tanzania",T863DQM,X,Y,0.0
"Mikocheni, Kinondoni, Dar es Salaam, Tanzania","Mikocheni, Kinondoni, Dar es Salaam, Tanzania",T258DXJ,Africa One Mill -B,Y,1.3
"Kihonda, Morogoro Urban, Morogoro, Tanzania","Kihonda, Morogoro Urban, Morogoro, Tanzania",T453EAJ,X,Sanku : Dodoma,4.3
"Kijito Nyama, Kinondoni, Dar es Salaam, Tanzania","Kimara, Kinondoni, Dar es Salaam, Tanzania",MC473DKX,Isanga,Y,4.1
"Makuburi, Kinondoni, Dar es Salaam, Tanzania","Makuburi, Kinondoni, Dar es Salaam, Tanzania",MC473DKX,Sanku : Mikocheni,Isanga,5.1
"Kihonda, Morogoro Urban, Morogoro, Tanzania","Kihonda, Morogoro Urban, Morogoro, Tanzania",T457EBA,Mujalya Mini Miller,Mama Happy,0.6
"Kilakala, Morogoro Urban, Morogoro, Tanzania","Kilakala, Morogoro Urban, Morogoro, Tanzania",T934DMX,X,Y,0.0
"Ubungo, Kinondoni, Dar es Salaam, Tanzania","Ubungo, Kinondoni, Dar es Salaam, Tanzania",T141DKS,PSR Mill - A,Y,23.5
"Mikocheni, Kinondoni, Dar es Salaam, Tanzania","Sandali, Temeke, Dar es Salaam, Tanzania",T191DWL,X,Y,18.0
"Mikocheni, Kinondoni, Dar es Salaam, Tanzania","Chole Road, Msasani, Kinondoni, Dar es Salaam, Tanzania",DFP8546,X,Sanku : Mikocheni,5.2
"Mikocheni, Kinondoni, Dar es Salaam, Tanzania","Ubungo, Kinondoni, Dar es Salaam, Tanzania",T258DXJ,X,Y,0.0
"A7, Kingolwira, Morogoro Urban, Morogoro, Tanzania","A7, Kingolwira, Morogoro Urban, Morogoro, Tanzania",T863DQM,X,Y,1.0
"Yombo Vituka, Temeke, Dar es Salaam, Tanzania","Yombo Vituka, Temeke, Dar es Salaam, Tanzania",MC473DKX,X,Y,0.0
"Nyerere Road, Kipawa, Ilala, Dar es Salaam, Tanzania","Makuburi, Kinondoni, Dar es Salaam, Tanzania",MC315DKY,X,Sanku : Mikocheni,1.9
"Mji mkuu, Morogoro Urban, Morogoro, Tanzania","Kilakala, Morogoro Urban, Morogoro, Tanzania",T453EAJ,X,Sanku : Dodoma,6.6
"Kingolwira, Morogoro Urban, Morogoro, Tanzania","Kingolwira, Morogoro Urban, Morogoro, Tanzania",T850DZQ,X,Y,6.7
"Ubungo, Kinondoni, Dar es Salaam, Tanzania","Mikocheni, Kinondoni, Dar es Salaam, Tanzania",T257DXJ,X,Y,0.3
"Makuburi, Kinondoni, Dar es Salaam, Tanzania","Makuburi, Kinondoni, Dar es Salaam, Tanzania",DFP8546,X,Sanku : Mikocheni,6.0
"Mwembesongo, Morogoro Urban, Morogoro, Tanzania","Mwembesongo, Morogoro Urban, Morogoro, Tanzania",T852DZQ,X,Y,2.1
"Makuburi, Kinondoni, Dar es Salaam, Tanzania","Somanga Street, Magomeni, Kinondoni, Dar es Salaam, Tanzania",DFP8546,X,Y,2.8
"Chole Road, Msasani, Kinondoni, Dar es Salaam, Tanzania","Msasani, Kinondoni, Dar es Salaam, Tanzania",T980DMT,X,Y,0.0
"Makuburi, Kinondoni, Dar es Salaam, Tanzania","Makuburi, Kinondoni, Dar es Salaam, Tanzania",T452EBA,X,Y,5.7
"Station, Kingo, Morogoro Urban, Morogoro, Tanzania","Kingolwira, Morogoro Urban, Morogoro, Tanzania",T863DQM,X,Y,0.0
"Bagamoyo Road, Kawe, Kinondoni, Dar es Salaam, Tanzania","Mikocheni, Kinondoni, Dar es Salaam, Tanzania",T248EBJ,X,Y,0.0
"Mvomero, Morogoro, Tanzania","Mvomero, Morogoro, Tanzania",T852DZQ,X,Y,1.6
"Kichangani, Morogoro Urban, Morogoro, Tanzania","A7, Kingolwira, Morogoro Urban, Morogoro, Tanzania",T863DQM,X,Y,0.5
"Msasani, Kinondoni, Dar es Salaam, Tanzania","Chole Road, Msasani, Kinondoni, Dar es Salaam, Tanzania",T980DMT,X,Y,7.4
"Nyerere Road, Chang'ombe, Temeke, Dar es Salaam, Tanzania","Nyerere Road, Chang'ombe, Temeke, Dar es Salaam, Tanzania",T980DMT,X,Y,1.6
"A7, Kingolwira, Morogoro Urban, Morogoro, Tanzania","Kichangani, Morogoro Urban, Morogoro, Tanzania",T934DMX,X,Y,2.0
"Kingolwira, Morogoro Urban, Morogoro, Tanzania","Kingolwira, Morogoro Urban, Morogoro, Tanzania",T862DQM,X,Y,0.5
"Mikocheni, Kinondoni, Dar es Salaam, Tanzania","Tambani, Mkuranga, Pwani, Tanzania",T240EBJ,Sanku : Morogoro,Y,2.4
"Mwembesongo, Morogoro Urban, Morogoro, Tanzania","Kingo, Morogoro Urban, Morogoro, Tanzania",T934DMX,X,Y,0.4
"Mwembesongo, Morogoro Urban, Morogoro, Tanzania","Mji mpya, Morogoro Urban, Morogoro, Tanzania",T852DZQ,Sanku : Morogoro,Y,2.8
"Kunduchi, Kinondoni, Dar es Salaam, Tanzania","Ilala, Dar es Salaam, Tanzania",MC473DKX,X,S Mkilindi,29.1
"Mji mpya, Morogoro Urban, Morogoro, Tanzania","Mwembesongo, Morogoro Urban, Morogoro, Tanzania",T457EBA,X,Y,3.7
"Kawe, Kinondoni, Dar es Salaam, Tanzania","Kawe, Kinondoni, Dar es Salaam, Tanzania",T934DMX,X,Y,0.0
"Kitunda, Ilala, Dar es Salaam, Tanzania","Yombo Vituka, Temeke, Dar es Salaam, Tanzania",T250EBJ,X,Y,6.8
"B129, Kihonda, Morogoro Urban, Morogoro, Tanzania","Mji mpya, Morogoro Urban, Morogoro, Tanzania",T863DQM,X,Y,9.7
"Mikocheni, Kinondoni, Dar es Salaam, Tanzania","Mikocheni, Kinondoni, Dar es Salaam, Tanzania",T261DXJ,X,Y,0.0
"Makangarawe, Temeke, Dar es Salaam, Tanzania","Makangarawe, Temeke, Dar es Salaam, Tanzania",T261DXJ,X,Y,17.6
"A7, Kingolwira, Morogoro Urban, Morogoro, Tanzania","Kingolwira, Morogoro Urban, Morogoro, Tanzania",T863DQM,X,Y,5.2
"Chole Road, Msasani, Kinondoni, Dar es Salaam, Tanzania","Chole Road, Msasani, Kinondoni, Dar es Salaam, Tanzania",T452EBA,X,Y,1.4
"Mwembesongo, Morogoro Urban, Morogoro, Tanzania","A7, Kingolwira, Morogoro Urban, Morogoro, Tanzania",T863DQM,Akiaki Ltd,Y,9.0
"Mikocheni, Kinondoni, Dar es Salaam, Tanzania","Mikocheni, Kinondoni, Dar es Salaam, Tanzania",T261DXJ,X,Mama Mcharo Milling - B,6.3
"Makuburi, Kinondoni, Dar es Salaam, Tanzania","Bridge Street, Kivukoni, Ilala, Dar es Salaam, Tanzania",DFP8546,X,Y,12.2
"Mikocheni, Kinondoni, Dar es Salaam, Tanzania","A7, Mbezi, Kinondoni, Dar es Salaam, Tanzania",MC315DKY,Isanga,Y,0.7
"Segerea, Ilala, Dar es Salaam, Tanzania","Kinyerezi, Ilala, Dar es Salaam, Tanzania",T240EBJ,X,Y,0.0
"A7, Kingolwira, Morogoro Urban, Morogoro, Tanzania","Mwembesongo, Morogoro Urban, Morogoro, Tanzania",T453EAJ,X,Y,6.0
"Makuburi, Kinondoni, Dar es Salaam, Tanzania","Kunduchi, Kinondoni, Dar es Salaam, Tanzania",MC473DKX,X,Y,0.1
"Makuburi, Kinondoni, Dar es Salaam, Tanzania","Makuburi, Kinondoni, Dar es Salaam, Tanzania",DFP8546,Goldenpot Millers,Y,5.2
"Yombo Vituka, Temeke, Dar es Salaam, Tanzania","Yombo Vituka, Temeke, Dar es Salaam, Tanzania",T250EBJ,X,Y,2.8
"Kingolwira, Morogoro Urban, Morogoro, Tanzania","Kingolwira, Morogoro Urban, Morogoro, Tanzania",T850DZQ,Sanku : Mikocheni,Y,29.0
"Makuburi, Kinondoni, Dar es Salaam, Tanzania","Makuburi, Kinondoni, Dar es Salaam, Tanzania",DFP8546,X,Y,8.7
"Kawe, Kinondoni, Dar es Salaam, Tanzania","Bagamoyo Road, Kijito Nyama, Kinondoni, Dar es Salaam, Tanzania",T248EBJ,X,Y,6.8
"Kitunda, Ilala, Dar es Salaam, Tanzania","Kitunda, Ilala, Dar es Salaam, Tanzania",T980DMT,X,Y,0.0
"A7, Mbezi, Kinondoni, Dar es Salaam, Tanzania","Mikocheni, Kinondoni, Dar es Salaam, Tanzania",T261DXJ,X,Y,18.7
"B127, Diongoya, Mvomero, Morogoro, Tanzania","B127, Diongoya, Mvomero, Morogoro, Tanzania",T863DQM,X,Y,0.0
"Mwembesongo, Morogoro Urban, Morogoro, Tanzania","Mwembesongo, Morogoro Urban, Morogoro, Tanzania",T453EAJ,X,Y,4.4
"Kingolwira, Morogoro Urban, Morogoro, Tanzania","Kingolwira, Morogoro Urban, Morogoro, Tanzania",T852DZQ,Sanku : Morogoro,Y,3.2
"Ubungo, Kinondoni, Dar es Salaam, Tanzania","Kawe, Kinondoni, Dar es Salaam, Tanzania",T934DMX,X,Y,2.7
"Kawe, Kinondoni, Dar es Salaam, Tanzania","Kawe, Kinondoni, Dar es Salaam, Tanzania",T452EBA,X,Y,0.0
"Mwembesongo, Morogoro Urban, Morogoro, Tanzania","Mwembesongo, Morogoro Urban, Morogoro, Tanzania",T850DZQ,X,Y,6.2
"Kihonda, Morogoro Urban, Morogoro, Tanzania","Kihonda, Morogoro Urban, Morogoro, Tanzania",T863DQM,X,Y,1.6
"Kimara, Kinondoni, Dar es Salaam, Tanzania","Sinza, Kinondoni, Dar es Salaam, Tanzania",MC473DKX,X,Sanku : Mikocheni,3.2
"Kaole Road, Msasani, Kinondoni, Dar es Salaam, Tanzania","Msasani, Kinondoni, Dar es Salaam, Tanzania",T980DMT,Katemi Food,Katemi Food,0.0
"Kitunda, Ilala, Dar es Salaam, Tanzania","Kitunda, Ilala, Dar es Salaam, Tanzania",T934DMX,X,Y,0.7
"Mwembesongo, Morogoro Urban, Morogoro, Tanzania","Mji mpya, Morogoro Urban, Morogoro, Tanzania",T853DZQ,X,Y,0.0
"Kingolwira, Morogoro Urban, Morogoro, Tanzania","A7, Kingolwira, Morogoro Urban, Morogoro, Tanzania",T853DZQ,Chars Posho,Sanku : Mwanza,14.7
"Pugu Road, Kipawa, Ilala, Dar es Salaam, Tanzania","Mikocheni, Kinondoni, Dar es Salaam, Tanzania",T141DKS,X,Y,9.8
"Kihonda, Morogoro Urban, Morogoro, Tanzania","Mji mpya, Morogoro Urban, Morogoro, Tanzania",T453EAJ,X,Y,7.6
"Hazina, Dodoma Urban, Dodoma, Tanzania","Kizota, Dodoma Urban, Dodoma, Tanzania",T980DMT,X,Y,0.0
"Mikocheni, Kinondoni, Dar es Salaam, Tanzania","Mwindu Lane, Kinondoni, Dar es Salaam, Tanzania",T240EBJ,X,Mashine ya Maji,10.5
"Kichangani, Morogoro Urban, Morogoro, Tanzania","Kichangani, Morogoro Urban, Morogoro, Tanzania",T934DMX,X,Y,11.8
"Kawe, Kinondoni, Dar es Salaam, Tanzania","Chole Road, Msasani, Kinondoni, Dar es Salaam, Tanzania",T934DMX,X,Y,5.6
"Mwembesongo, Morogoro Urban, Morogoro, Tanzania","Mwembesongo, Morogoro Urban, Morogoro, Tanzania",T863DQM,X,Y,0.8
"A7, Mbezi, Kinondoni, Dar es Salaam, Tanzania","Mikocheni, Kinondoni, Dar es Salaam, Tanzania",MC315DKY,Mshauri Milling,Y,0.2
"Mwembesongo, Morogoro Urban, Morogoro, Tanzania","Mwembesongo, Morogoro Urban, Morogoro, Tanzania",T850DZQ,Sanku : Mikocheni,Y,3.7
"Mikocheni, Kinondoni, Dar es Salaam, Tanzania","Mikocheni, Kinondoni, Dar es Salaam, Tanzania",T196DQG,X,Sanku : Morogoro,2.6
"Mikocheni, Kinondoni, Dar es Salaam, Tanzania","Ubungo, Kinondoni, Dar es Salaam, Tanzania",T240EBJ,X,Sanku : Morogoro,3.4
"Mikocheni, Kinondoni, Dar es Salaam, Tanzania","Magore Street, Upanga Mashariki, Ilala, Dar es Salaam, Tanzania",T452EBA,Sanku : Dodoma,MPWAPWA GROUP,7.8
"Mwembesongo, Morogoro Urban, Morogoro, Tanzania","Mwembesongo, Morogoro Urban, Morogoro, Tanzania",T453EAJ,X,Y,5.6
"Kawe, Kinondoni, Dar es Salaam, Tanzania","Makuburi, Kinondoni, Dar es Salaam, Tanzania",T261DXJ,X,PSR Mill - A,13.2
"Kichangani, Morogoro Urban, Morogoro, Tanzania","Kichangani, Morogoro Urban, Morogoro, Tanzania",T863DQM,X,Y,5.6
"Ubungo, Kinondoni, Dar es Salaam, Tanzania","Mikocheni, Kinondoni, Dar es Salaam, Tanzania",MC473DKX,Sanku : Mikocheni,Sanku : Mikocheni,0.0
"Mikocheni, Kinondoni, Dar es Salaam, Tanzania","Mikocheni, Kinondoni, Dar es Salaam, Tanzania",MC315DKY,X,Y,2.0
"Uwanja wa ndege, Morogoro Urban, Morogoro, Tanzania","Mwembesongo, Morogoro Urban, Morogoro, Tanzania",T863DQM,X,Y,3.8
"Kilakala, Morogoro Urban, Morogoro, Tanzania","Kilakala, Morogoro Urban, Morogoro, Tanzania",T453EAJ,X,Y,3.8
"Manzese, Kinondoni, Dar es Salaam, Tanzania","Mikocheni, Kinondoni, Dar es Salaam, Tanzania",T240EBJ,Sanku : Morogoro,Sanku : Morogoro,0.0
"Kawe, Kinondoni, Dar es Salaam, Tanzania","Ubungo, Kinondoni, Dar es Salaam, Tanzania",T934DMX,X,Y,3.0
"Sabasaba, Morogoro Urban, Morogoro, Tanzania","Mwembesongo, Morogoro Urban, Morogoro, Tanzania",T852DZQ,Sanku : Morogoro,Y,3.5
"Mwembesongo, Morogoro Urban, Morogoro, Tanzania","Mwembesongo, Morogoro Urban, Morogoro, Tanzania",T453EAJ,Sanku : Dodoma,Sanku : Dodoma,0.0
"Mikocheni, Kinondoni, Dar es Salaam, Tanzania","Mikocheni, Kinondoni, Dar es Salaam, Tanzania",T240EBJ,X,Y,13.3
"Uwanja wa Taifa, Morogoro Urban, Morogoro, Tanzania","Uwanja wa Taifa, Morogoro Urban, Morogoro, Tanzania",T850DZQ,S.A Mills,Y,3.6
"Mbezi, Kinondoni, Dar es Salaam, Tanzania","Mikocheni, Kinondoni, Dar es Salaam, Tanzania",T250EBJ,Sanku : Dodoma,Y,15.4
"Ubungo, Kinondoni, Dar es Salaam, Tanzania","Ubungo, Kinondoni, Dar es Salaam, Tanzania",T258DXJ,Sanku : Mikocheni,Africa One Mill -B,43.9
"Mwembesongo, Morogoro Urban, Morogoro, Tanzania","Mwembesongo, Morogoro Urban, Morogoro, Tanzania",T862DQM,Bamato,Y,5.6
"Bagamoyo Road, Kawe, Kinondoni, Dar es Salaam, Tanzania","Mikocheni, Kinondoni, Dar es Salaam, Tanzania",T196DQG,X,Y,9.3
"Kihonda, Morogoro Urban, Morogoro, Tanzania","Kingolwira, Morogoro Urban, Morogoro, Tanzania",T853DZQ,X,Sanku : Mwanza,2.6
"Morogoro Road, Makurumla, Kinondoni, Dar es Salaam, Tanzania","Morogoro Road, Makurumla, Kinondoni, Dar es Salaam, Tanzania",T257DXJ,X,Y,3.1
"Mikocheni, Kinondoni, Dar es Salaam, Tanzania","Mikocheni, Kinondoni, Dar es Salaam, Tanzania",MC473DKX,X,Sanku : Mikocheni,0.0
